"","role","sourceFW","estimate_(Intercept)_serengeti","std.error_(Intercept)_serengeti","estimate_(Intercept)_pyrenees","std.error_(Intercept)_pyrenees","insample","estimate_empirical_europe","estimate_(Intercept)_arctic","std.error_(Intercept)_arctic","estimate_empirical_serengeti","std.error_empirical_serengeti","estimate_empirical_pyrenees","std.error_empirical_pyrenees","estimate_(Intercept)_europe","std.error_(Intercept)_europe","estimate_empirical_arctic","std.error_empirical_arctic","r.squared_serengeti","r.squared_pyrenees","std.error_empirical_europe","r.squared_arctic"
"1","OI","arctic",NA,NA,NA,NA,"within food web",NA,68.8604184637942,3.69605918673937,NA,NA,NA,NA,NA,NA,129.068157460105,43.7719170322316,NA,NA,NA,0.0435392430505308
"2","OI","arctic",76.1392716008594,3.08147584893765,104.321208637911,5.16599405884677,"between food webs",2792.0415486876,NA,NA,9.25008951704088,13.1414397428228,112.93618201956,94.4265212654907,441.889637613197,24.8154276703971,NA,NA,0.00167104417858073,0.00731957643269469,649.066865248693,NA
"3","OI","europe",1.80783726683195,0.0862008375982315,2.36919018530557,0.106517655313439,"between food webs",NA,2.72527449829176,0.127154346631861,3.02116504108927,0.36761706682483,2.5277703126835,1.9469808772583,NA,NA,1.15443276437612,1.50587131586697,0.185783018618048,0.00861376463451501,NA,0.00306756606527376
"4","OI","europe",NA,NA,NA,NA,"within food web",-46.1754273699868,NA,NA,NA,NA,NA,NA,20.7856534056274,0.227624531699498,NA,NA,NA,NA,5.95369715993819,NA
"5","OI","pyrenees",75.6298200637736,5.22148625277144,NA,NA,"between food webs",-4.86371436669557,113.217552266927,4.71455248996291,6.18370537630708,22.267851614813,NA,NA,1.09525858586572,0.0196541867306828,126.081356593432,55.8337921576441,0.000260457039954318,NA,0.514070583015368,0.0260034835083516
"6","OI","pyrenees",NA,NA,89.6455552249163,3.52092429399013,"within food web",NA,NA,NA,NA,NA,137.845421950888,64.3571457755143,NA,NA,NA,NA,NA,0.0231014312599565,NA,NA
"7","OI","serengeti",NA,NA,183309.205856174,103486.194189119,"between food webs",37485810.3293122,1095698.99327615,615908.196536868,NA,NA,8840897.58926899,1891570.37444696,353606.915648848,124974.647249121,25856340.3378471,7294115.46628033,NA,0.101205976299921,3268809.37145057,0.0617282702372894
"8","OI","serengeti",232.259129162332,45.3442799198379,NA,NA,"within food web",NA,NA,NA,931.020773389336,193.377833045057,NA,NA,NA,NA,NA,NA,0.0726223468631092,NA,NA,NA
"9","TL","arctic",NA,NA,NA,NA,"within food web",NA,64.3155775731832,0.375528852204262,NA,NA,NA,NA,NA,NA,1.04309492053215,0.269081494224304,NA,NA,NA,0.0729382431683403
"10","TL","arctic",79.9468926739088,0.36643540616508,89.1101635482039,0.439246342041068,"between food webs",0.856058971575344,NA,NA,0.945164475078815,0.208763162748717,1.04753253350935,0.328006800159767,381.795474102044,0.662316933783247,NA,NA,0.0647644023383989,0.0499476599993558,0.502172971007095,NA
"11","TL","europe",3.1341944613998,0.145914247249891,2.90260118105979,0.201975703223886,"between food webs",NA,3.50425237251084,0.19200785824805,0.765778633665431,0.083129302555066,1.35044794762201,0.150825169804809,NA,NA,0.985396643077835,0.137581336552247,0.222809613254604,0.292407993506732,NA,0.211715528424469
"12","TL","europe",NA,NA,NA,NA,"within food web",1.19541342178038,NA,NA,NA,NA,NA,NA,21.2488771420983,0.169305518740136,NA,NA,NA,NA,0.128368536295731,NA
"13","TL","pyrenees",73.0964586877114,0.211699895259801,NA,NA,"between food webs",0.320736961018658,111.540878598149,0.453184581614851,0.398538704097601,0.120608268045196,NA,NA,-0.400158399679426,0.0305481714710623,0.881722001334253,0.324724941012019,0.0355764762749705,NA,0.0231618206389962,0.0371663535172888
"14","TL","pyrenees",NA,NA,85.7284997152313,0.365974556407501,"within food web",NA,NA,NA,NA,NA,0.890825334405686,0.273291161923645,NA,NA,NA,NA,NA,0.0519248191444819,NA,NA
"15","TL","serengeti",NA,NA,7132.60608620182,152.248712803129,"between food webs",51.7999220019047,11415.2072918093,247.586948266831,NA,NA,26.1838177478435,113.69158564405,42022.4230745748,87.5129907886455,36.8752522695932,177.405985183362,NA,0.000273330967969924,66.352914057355,0.000226152748202239
"16","TL","serengeti",81.5181985934576,2.4446917945417,NA,NA,"within food web",NA,NA,NA,4.21193863491132,1.39277368504189,NA,NA,NA,NA,NA,NA,0.0299706477804966,NA,NA,NA
"17","among_module_conn","arctic",NA,NA,NA,NA,"within food web",NA,0.68227730794415,0.0034835268548922,NA,NA,NA,NA,NA,NA,0.0327648125355845,0.00762801646671183,NA,NA,NA,0.0880870650132159
"18","among_module_conn","arctic",0.615076031088831,0.00380137859191139,0.716993936435171,0.00242593912885735,"between food webs",0.0177237130570443,NA,NA,0.0616083116026621,0.00906892496604682,0.000302825134648125,0.00451302851586737,0.639233704294239,0.0014477279802528,NA,NA,0.134881096357203,2.32079015558422e-05,0.00263479484318402,NA
"19","among_module_conn","europe",0.600970256167384,0.007728590465175,0.675995982146188,0.00514603783157814,"between food webs",NA,0.710716553203002,0.0054110191352159,0.103922289464166,0.0184380495989311,0.0101374394625305,0.00957328862929194,NA,NA,0.00190942235826553,0.0118487225115413,0.0969217255345905,0.00574684507743925,NA,0.000135946658586597
"20","among_module_conn","europe",NA,NA,NA,NA,"within food web",-0.059603870276111,NA,NA,NA,NA,NA,NA,0.580740732105856,0.00422597806088131,NA,NA,NA,NA,0.00769107550181807,NA
"21","among_module_conn","pyrenees",0.68942830323656,0.00218230843144834,NA,NA,"between food webs",0.00794268491156675,0.741317503411217,0.00158287834311989,0.0506687509493241,0.005206319480961,NA,NA,0.646740822788001,0.00098836675375371,0.00521452122173152,0.00346609128308089,0.242414549404567,NA,0.00179877964747913,0.011711146564081
"22","among_module_conn","pyrenees",NA,NA,0.751540477595829,0.00135210184796515,"within food web",NA,NA,NA,NA,NA,0.000875697033442678,0.00251534513938849,NA,NA,NA,NA,NA,0.000624366530269214,NA,NA
"23","among_module_conn","serengeti",NA,NA,0.615201076892083,0.00750843320272968,"between food webs",0.023989463177671,0.621414278520166,0.00997894360616191,NA,NA,0.0322515855389928,0.013968105279445,0.610601040487639,0.00375390097128224,0.0101272812316655,0.0218512873070839,NA,0.0267455665269795,0.00683191805081422,0.00112333731496818
"24","among_module_conn","serengeti",0.466874676746921,0.0148871226923401,NA,NA,"within food web",NA,NA,NA,0.264585248029455,0.0355161148496078,NA,NA,NA,NA,NA,NA,0.15789086892507,NA,NA,NA
"25","betweeness","arctic",NA,NA,NA,NA,"within food web",NA,236.373854071315,13.2006895196142,NA,NA,NA,NA,NA,NA,2.00774177073025,0.239801046928564,NA,NA,NA,0.26847749349289
"26","betweeness","arctic",374.065888506766,19.4467835142157,220.20672611844,11.6437961498885,"between food webs",0.213281211162165,NA,NA,-0.78113699872616,0.49520725629658,0.73794827044605,0.459982458364972,1127.70071864461,35.9467528517365,NA,NA,0.00833591526669781,0.0130931377578909,0.0666916804352577,NA
"27","betweeness","europe",356.725625546396,24.1771025859688,201.727213370191,13.1369945895156,"between food webs",NA,235.620940528945,14.9698051088662,2.79574943615774,0.615663594344353,1.32534934075646,0.518970530660707,NA,NA,0.698183806571979,0.271938441707066,0.0651283147113439,0.0325247141019488,NA,0.0333602738084577
"28","betweeness","europe",NA,NA,NA,NA,"within food web",1.25259474656702,NA,NA,NA,NA,NA,NA,1410.62520381979,50.4965789052251,NA,NA,NA,NA,0.0936858390884772,NA
"29","betweeness","pyrenees",308.020554984831,17.495967695604,NA,NA,"between food webs",0.450246999562935,214.580993444154,13.4567972505263,1.99406351566911,0.445530241670049,NA,NA,972.66046379369,29.7046186042662,0.849557533893646,0.244453447995035,0.063385888723788,NA,0.0551107060929212,0.0594744567834316
"30","betweeness","pyrenees",NA,NA,206.796292828528,12.433975907033,"within food web",NA,NA,NA,NA,NA,1.21467431869054,0.49119812227412,NA,NA,NA,NA,NA,0.030558100800214,NA,NA
"31","betweeness","serengeti",NA,NA,212.519786291328,12.3217468016986,"between food webs",0.0517215178527046,237.185008078732,15.0881070610262,NA,NA,-0.348270224281465,0.486764566489798,1079.34622340731,30.3348261508936,-0.141878042047467,0.274087490962373,NA,0.00263177390435481,0.0562799243664303,0.00140090840768935
"32","betweeness","serengeti",402.91705402375,33.2077078839335,NA,NA,"within food web",NA,NA,NA,2.65527035949294,0.845625596494139,NA,NA,NA,NA,NA,NA,0.0322358462031975,NA,NA,NA
"33","closeness","arctic",NA,NA,NA,NA,"within food web",NA,0.463993031500701,0.00596413057381888,NA,NA,NA,NA,NA,NA,-0.0576613562894603,0.0096749650222685,NA,NA,NA,0.161806937694826
"34","closeness","arctic",0.466904143490574,0.00721270634819938,0.507394020099283,0.00687005763148552,"between food webs",-0.0115194195216238,NA,NA,-0.000316534129030818,0.00835286992165748,-0.059612348388031,0.0103129494274907,0.506826007478376,0.00313956564518194,NA,NA,5.39865616013361e-06,0.153681831307942,0.0050844461195271,NA
"35","closeness","europe",0.452448406723711,0.0116375676743971,0.483780970349267,0.00750424160054453,"between food webs",NA,0.466731816197673,0.00691855743594596,-0.0596742249970413,0.0134772004149305,-0.0720681527658115,0.0112649512230298,NA,NA,-0.107229809432299,0.0112232286615537,0.068644838947886,0.181963063663778,NA,0.331599766289388
"36","closeness","europe",NA,NA,NA,NA,"within food web",0.00243341354997989,NA,NA,NA,NA,NA,NA,0.423628420691113,0.00291342956436675,NA,NA,NA,NA,0.00471822453076996,NA
"37","closeness","pyrenees",0.503828062858076,0.00670832349493609,NA,NA,"between food webs",0.00226830819881366,0.49370973141451,0.003000163438136,-0.0219441854579098,0.0077687556986967,NA,NA,0.525263883337608,0.00155380124943615,-0.0380578959695637,0.00486684118762825,0.0291218585193908,NA,0.00251634131152374,0.249438575021727
"38","closeness","pyrenees",NA,NA,0.501826753369446,0.00526171299720868,"within food web",NA,NA,NA,NA,NA,-0.0313112924737856,0.0078985916789828,NA,NA,NA,NA,NA,0.0786851724079604,NA,NA
"39","closeness","serengeti",NA,NA,0.663676781654967,0.024074649067816,"between food webs",-0.0394373969916338,0.68240995896959,0.0228782710604235,NA,NA,-0.249966177211061,0.0361395277359977,0.544463860070627,0.00645525756180158,-0.348084464082274,0.0371129487424762,NA,0.206351612220977,0.0104541242228901,0.323446612117805
"40","closeness","serengeti",0.48807634421995,0.0235527427904115,NA,NA,"within food web",NA,NA,NA,-0.0624456691129128,0.0272758916458143,NA,NA,NA,NA,NA,NA,0.0193237214097462,NA,NA,NA
"41","eigen","arctic",NA,NA,NA,NA,"within food web",NA,0.393831988182329,0.0204710638927049,NA,NA,NA,NA,NA,NA,0.454104050514738,0.0693262137885129,NA,NA,NA,0.183431888025455
"42","eigen","arctic",0.479287349001683,0.0199888468717935,0.489240829864715,0.0204012073773407,"between food webs",0.116621828694484,NA,NA,0.0815341193786994,0.0400492477856954,0.308847468823517,0.0965383384963032,0.477953958533836,0.00913224084751253,NA,NA,0.0138089102245027,0.050113905855141,0.0312776610906113,NA
"43","eigen","europe",0.333821623384404,0.0186843447759217,0.440600224169991,0.0220006380615973,"between food webs",NA,0.380668300309631,0.0216985908398979,0.249203855510354,0.0374355738699554,0.315829417190337,0.10410683078905,NA,NA,0.359010293497547,0.0734832911157244,0.130214924779245,0.0452914065087534,NA,0.111086830760709
"44","eigen","europe",NA,NA,NA,NA,"within food web",0.360367760625992,NA,NA,NA,NA,NA,NA,0.362089108820629,0.0086510847790089,NA,NA,NA,NA,0.02962971545562,NA
"45","eigen","pyrenees",0.410796780025294,0.017293529355953,NA,NA,"between food webs",0.248937803488891,0.409103016705801,0.0209914419073494,0.152545978977918,0.0346489643303579,NA,NA,0.411552607547997,0.00876571457267569,0.416598157478215,0.0710884982346546,0.0614586097486472,NA,0.030022319187504,0.152402565090784
"46","eigen","pyrenees",NA,NA,0.488259477835876,0.0200981717012356,"within food web",NA,NA,NA,NA,NA,0.0930459946085554,0.0951043762736174,NA,NA,NA,NA,NA,0.00490970189844179,NA,NA
"47","eigen","serengeti",NA,NA,0.632223781710231,0.0216601512712241,"between food webs",0.320352835036099,0.598890514983804,0.0234286974362621,NA,NA,-0.141457756036475,0.102495650214558,0.53161110066441,0.00898059208730601,-0.219829269282909,0.0793423778932906,NA,0.00972294093710842,0.0307582684677325,0.0386379619023855
"48","eigen","serengeti",0.263280061084194,0.0191723121718199,NA,NA,"within food web",NA,NA,NA,0.403158236439668,0.0384132554378324,NA,NA,NA,NA,NA,NA,0.271207196591838,NA,NA,NA
"49","indegree","arctic",NA,NA,NA,NA,"within food web",NA,20.4710131133904,1.65311805320655,NA,NA,NA,NA,NA,NA,1.04715343271007,0.121770079793595,NA,NA,NA,0.279109859801675
"50","indegree","arctic",28.5068739193714,2.65984296534713,28.9789290909984,1.94818915062898,"between food webs",0.488282046024905,NA,NA,0.442744045506673,0.0445381135523786,0.63241533594723,0.149226831477479,117.718994684888,4.26923923797384,NA,NA,0.250289963731277,0.0847337931518315,0.0310700990415985,NA
"51","indegree","europe",12.6047215389823,2.30227318203877,21.161453724263,1.73922541809013,"between food webs",NA,18.2614546438266,1.83723582272489,0.510189568746203,0.0385507361698162,0.791515785077832,0.133220687674443,NA,NA,1.08750387408148,0.135332351067675,0.371743335450338,0.153947128410622,NA,0.252662930763871
"52","indegree","europe",NA,NA,NA,NA,"within food web",0.560071749203792,NA,NA,NA,NA,NA,NA,75.7743107696104,3.50838244941197,NA,NA,NA,NA,0.0255328371409726,NA
"53","indegree","pyrenees",23.491535419104,2.31840073839933,NA,NA,"between food webs",0.613527056612287,23.5657803592815,2.01085502917117,0.45743287632936,0.0388207862990407,NA,NA,112.436598282041,4.1302775881826,1.31751765998057,0.14812128926943,0.319295603604511,NA,0.0300587825092303,0.292902871632607
"54","indegree","pyrenees",NA,NA,27.6521451206348,2.04502288067079,"within food web",NA,NA,NA,NA,NA,0.572173377241043,0.156644073642911,NA,NA,NA,NA,NA,0.0643486824668752,NA,NA
"55","indegree","serengeti",NA,NA,32.8699005003031,1.42474661520237,"between food webs",0.30205923225328,29.2687476294895,1.25361158441067,NA,NA,0.302278404650334,0.109132330901376,169.754977357574,3.20108379619114,0.499180175434194,0.0923420940009475,NA,0.0380418668767591,0.0232964200514837,0.132694773553917
"56","indegree","serengeti",19.1174849178361,1.62788446652098,NA,NA,"within food web",NA,NA,NA,0.296489761056139,0.0272583397458588,NA,NA,NA,NA,NA,NA,0.285558720897977,NA,NA,NA
"57","outdegree","arctic",NA,NA,NA,NA,"within food web",NA,22.3867760179695,0.491369458765441,NA,NA,NA,NA,NA,NA,0.617798022342336,0.0658266566429904,NA,NA,NA,0.315614458734863
"58","outdegree","arctic",43.1050625846216,0.684236521491591,30.2645905798258,0.540795292697564,"between food webs",0.437701966177867,NA,NA,0.100608058771637,0.0129054678895706,0.282258751635447,0.0972899555801907,121.397974014718,1.41171736245337,NA,NA,0.170343198107249,0.0415826130113881,0.0206032464079049,NA
"59","outdegree","europe",25.2935462325079,0.574140328494576,22.9819497718352,0.500906617583428,"between food webs",NA,21.6844342800126,0.595071000278591,0.182108957290922,0.01082893026134,0.324079522609056,0.0901139178402002,NA,NA,0.318100349688131,0.0797191069057438,0.48860405719113,0.062501209752536,NA,0.0769478213800919
"60","outdegree","europe",NA,NA,NA,NA,"within food web",0.446484146295887,NA,NA,NA,NA,NA,NA,81.6527082166346,0.849009115102905,NA,NA,NA,NA,0.0123908258595213,NA
"61","outdegree","pyrenees",35.7653422719661,0.54713820156816,NA,NA,"between food webs",0.407063395616939,28.8294810775269,0.374273317170288,0.1451081182157,0.0103196398755545,NA,NA,125.08091455163,1.13437233944589,0.220892670343642,0.0501397893184125,0.40047196656056,NA,0.0165555467755233,0.0922430812717616
"62","outdegree","pyrenees",NA,NA,27.6862860197211,0.460574548544538,"within food web",NA,NA,NA,NA,NA,0.535190748954909,0.0828581128096538,NA,NA,NA,NA,NA,0.17699059487031,NA,NA
"63","outdegree","serengeti",NA,NA,28.7452478842214,1.90090810262612,"between food webs",1.40999843938244,26.6611626935657,2.28932178789953,NA,NA,1.23524992672307,0.341976469403082,114.227634010117,3.25999186345301,0.857252300110398,0.306690610474666,NA,0.0630155700418161,0.0475778066041218,0.0392981075677334
"64","outdegree","serengeti",16.8192715936108,1.01838039125966,NA,NA,"within food web",NA,NA,NA,0.367416005196942,0.019207795880465,NA,NA,NA,NA,NA,NA,0.55280178027772,NA,NA,NA
"65","position1","arctic",NA,NA,NA,NA,"within food web",NA,258.655195519009,20.9054992004848,NA,NA,NA,NA,NA,NA,2.67960510272579,0.533847014257135,NA,NA,NA,0.116536791525931
"66","position1","arctic",618.592883004997,43.739597463847,358.734714691889,24.0499022221272,"between food webs",2.371947519447,NA,NA,1.14788120188173,0.119823767954397,1.56639451064312,0.643193286853596,7671.880205904,271.190283400824,NA,NA,0.236663906978561,0.029664662848286,0.194510975518882,NA
"67","position1","europe",246.952872142741,30.2762561859396,237.162045428008,21.0189928540581,"between food webs",NA,189.729448083772,20.1726699998497,1.05229607898007,0.0829412090211957,2.10759763839206,0.562134306214162,NA,NA,3.66938605416972,0.515133341028495,0.352249942043373,0.0675635902209128,NA,0.209893794266888
"68","position1","europe",NA,NA,NA,NA,"within food web",2.46910289831053,NA,NA,NA,NA,NA,NA,4126.32377413503,198.598631919155,NA,NA,NA,NA,0.14244468181854,NA
"69","position1","pyrenees",562.140934650986,35.5578880191107,NA,NA,"between food webs",2.13876512266563,298.77669310183,21.5856967378301,0.882418087642014,0.0974101356664751,NA,NA,7763.74794778332,236.94158077109,3.11415058239141,0.551216674791644,0.217059013343759,NA,0.16994612579335,0.143182371048377
"70","position1","pyrenees",NA,NA,322.56635078515,21.1465235524137,"within food web",NA,NA,NA,NA,NA,1.23475714518275,0.565545001538094,NA,NA,NA,NA,NA,0.0239819707819077,NA,NA
"71","position1","serengeti",NA,NA,417.890682609755,24.0559086002744,"between food webs",1.75024603627549,355.225208096102,21.7975775068554,NA,NA,0.931108870999814,0.643353922105536,12770.5507676859,320.301974415127,2.55126734404467,0.556627304542118,NA,0.0106815773396288,0.229736289673868,0.0990902342942451
"72","position1","serengeti",337.525092195427,23.7252557250399,NA,NA,"within food web",NA,NA,NA,0.447965982255652,0.0649948719579706,NA,NA,NA,NA,NA,NA,0.138292889776418,NA,NA,NA
"73","position10","arctic",NA,NA,NA,NA,"within food web",NA,676.20314537686,27.0317679982019,NA,NA,NA,NA,NA,NA,0.469001704587552,0.125924463744296,NA,NA,NA,0.0677090504284235
"74","position10","arctic",1638.42630405574,50.8276335028104,862.145200338538,39.5534273773924,"between food webs",0.337760075839406,NA,NA,0.217732368512407,0.0166053350223439,0.375368330478333,0.197261071654007,20923.6157304474,356.03710372821,NA,NA,0.367426241452088,0.0183231153696613,0.0152277593333278,NA
"75","position10","europe",1314.4105023514,41.8045812385689,650.466690998206,30.5675019300908,"between food webs",NA,710.972147692947,32.4352390331493,0.213859364734266,0.0136575132284458,0.725054070298327,0.15244641459218,NA,NA,0.723310235022993,0.151095928388372,0.45306316084103,0.104425454050053,NA,0.107127237450956
"76","position10","europe",NA,NA,NA,NA,"within food web",0.264297934512485,NA,NA,NA,NA,NA,NA,16055.3048108687,257.906234074806,NA,NA,NA,NA,0.0110306875938809,NA
"77","position10","pyrenees",1402.79617163858,43.1131661549146,NA,NA,"between food webs",0.376736553402,903.29909373272,40.9196709022219,0.221795720097763,0.0140850265601437,NA,NA,20782.2808730007,327.730806977805,0.661833733854093,0.19061970402003,0.455847684382451,NA,0.0140170948547684,0.0593675088938755
"78","position10","pyrenees",NA,NA,797.723520184646,37.2780730029488,"within food web",NA,NA,NA,NA,NA,0.947975426364341,0.185913411740421,NA,NA,NA,NA,NA,0.118181666926045,NA,NA
"79","position10","serengeti",NA,NA,564.411117322234,43.0133435063649,"between food webs",0.373162893466838,518.902079185886,37.9485292118784,NA,NA,0.970565559698556,0.214516384497622,16334.2656724111,412.576175529986,0.766434682054111,0.176778973214346,NA,0.0954467656728387,0.017645943756557,0.0895962352306185
"80","position10","serengeti",607.956258594358,35.3011636866262,NA,NA,"within food web",NA,NA,NA,0.170239047522084,0.0115328534755138,NA,NA,NA,NA,NA,NA,0.424005470839053,NA,NA,NA
"81","position11","arctic",NA,NA,NA,NA,"within food web",NA,338.585526662753,36.1084725482919,NA,NA,NA,NA,NA,NA,0.621414951234096,0.141037983257559,NA,NA,NA,0.0922611326541668
"82","position11","arctic",753.915734058265,76.452200021514,448.278023363969,39.679331549048,"between food webs",0.197221541672478,NA,NA,0.232388172901323,0.0288439439095499,0.20422088372459,0.106283187393268,11632.7072712198,576.687337505542,NA,NA,0.17985336047794,0.0186759150540272,0.0190278539939136,NA
"83","position11","europe",602.459853515909,85.609375957451,360.639548140022,37.297422712316,"between food webs",NA,369.591876627044,45.9069632665785,0.249336947816948,0.0322987701799741,0.317912304358298,0.0999031186429882,NA,NA,0.799541313662234,0.179310423833016,0.167589608777542,0.0496086411992139,NA,0.0942823125610041
"84","position11","europe",NA,NA,NA,NA,"within food web",0.143038220132719,NA,NA,NA,NA,NA,NA,9154.03621207367,517.050392210031,NA,NA,NA,NA,0.0170601272658838,NA
"85","position11","pyrenees",657.706487589625,79.9510832810991,NA,NA,"between food webs",0.282504008738958,430.971522758028,49.3525927073235,0.238921813370624,0.0301640052348896,NA,NA,10938.7046159706,617.144110431348,1.19075118563543,0.192768889203592,0.174886262458586,NA,0.0203627290956056,0.166508357819979
"86","position11","pyrenees",NA,NA,473.718875846512,47.6280958457464,"within food web",NA,NA,NA,NA,NA,0.0491838246694857,0.127574372811718,NA,NA,NA,NA,NA,0.000765567295784259,NA,NA
"87","position11","serengeti",NA,NA,344.882426479493,25.4453860087086,"between food webs",0.116093038411857,285.409566567197,25.1035495364253,NA,NA,0.212898396707841,0.068156811717321,10308.0986215967,342.540215201309,0.521565522633499,0.0980532752940038,NA,0.0478865153241285,0.011302147243404,0.12902292858861
"88","position11","serengeti",341.906212997248,39.1866232067642,NA,NA,"within food web",NA,NA,NA,0.131646524736296,0.0147843588734203,NA,NA,NA,NA,NA,NA,0.211274843104421,NA,NA,NA
"89","position12","arctic",NA,NA,NA,NA,"within food web",NA,31.6732460732984,3.10350870722312,NA,NA,NA,NA,NA,NA,2.67859645590013,2.34516429011004,NA,NA,NA,0.00678388418751381
"90","position12","arctic",118.764883914881,8.88754507187529,54.4176530612245,4.81628192035922,"between food webs",0.348280612637492,NA,NA,-0.0431893995048599,0.0294362340811593,NA,NA,975.966849431287,44.7884267200491,NA,NA,0.00722023018944171,0,0.468477757376773,NA
"91","position12","europe",46.9279827818298,5.20707635402893,28.9532653061225,2.90565482752496,"between food webs",NA,28.233612565445,3.30083410304277,0.0433879056619512,0.0172462381001825,NA,NA,NA,NA,4.27126057188886,2.49427309419718,0.0209347861278566,0,NA,0.0151207642925653
"92","position12","europe",NA,NA,NA,NA,"within food web",1.38923550797899,NA,NA,NA,NA,NA,NA,389.492171330819,21.3257279018046,NA,NA,NA,NA,0.223062739941979,NA
"93","position12","pyrenees",68.3528830216482,6.34693751743217,NA,NA,"between food webs",2.87527346895549,59.6132984293193,6.17856332798285,0.0479576745500437,0.0210215461019546,NA,NA,1085.79280507712,55.6605980160451,7.57397704389853,4.66882726871213,0.0172792676034811,NA,0.582198439248466,0.0135911420550615
"94","position12","pyrenees",NA,NA,50.6694897959183,5.16062290563603,"within food web",NA,NA,NA,NA,NA,NA,NA,NA,NA,NA,NA,NA,0,NA,NA
"95","position12","serengeti",NA,NA,43.7586734693877,2.91714638764797,"between food webs",0.986275652589796,26.6067539267016,1.5598831204817,NA,NA,NA,NA,1140.02013727233,30.0351269327122,-0.749750302053969,1.17872464233306,NA,0,0.314161267505855,0.00211376274184664
"96","position12","serengeti",24.7617890908361,2.57078304960759,NA,NA,"within food web",NA,NA,NA,0.057153287605719,0.00851463154427169,NA,NA,NA,NA,NA,NA,0.132106830992393,NA,NA,NA
"97","position13","arctic",NA,NA,NA,NA,"within food web",NA,15.3192222222222,0.434174050942632,NA,NA,NA,NA,NA,NA,3.12847008547008,1.67290331590606,NA,NA,NA,0.0179807971763787
"98","position13","arctic",54.7687615181057,1.40841644844437,26.990306122449,0.807965754167009,"between food webs",12.1757194430966,NA,NA,0.171144349761412,0.0213737953956235,NA,NA,435.285094654415,6.65712275983123,NA,NA,0.178041085971101,0,0.837012183264256,NA
"99","position13","europe",22.8412027268402,0.709144982288495,14.3871428571429,0.507690175692842,"between food webs",NA,13.7027777777778,0.46747898286368,0.0756867173494835,0.010761816772311,NA,NA,NA,NA,1.3541452991453,1.80122957337304,0.143175389481203,0,NA,0.00295036540308369
"100","position13","europe",NA,NA,NA,NA,"within food web",-3.89495749231263,NA,NA,NA,NA,NA,NA,219.144291940052,3.12420814177802,NA,NA,NA,NA,0.392812386381153,NA
"101","position13","pyrenees",30.3773137056629,0.952514236844002,NA,NA,"between food webs",17.6195614465631,28.5286666666667,0.855613544546434,0.175019262884287,0.0144551311028844,NA,NA,485.146950133877,8.64190281372512,6.42594871794871,3.29673948200786,0.331221348620225,NA,1.08656219851006,0.0195037368082741
"102","position13","pyrenees",NA,NA,25.2014285714286,0.703699025264376,"within food web",NA,NA,NA,NA,NA,NA,NA,NA,NA,NA,NA,NA,0,NA,NA
"103","position13","serengeti",NA,NA,21.769047208865,1.19814217116339,"between food webs",24.3905853854147,13.0084196195539,0.940341635411658,NA,NA,NA,NA,461.66481331889,14.4597558446891,5.33619576506149,3.62320280668396,NA,0,1.8180514684302,0.0112289869812328
"104","position13","serengeti",10.9120527195359,0.748147555145472,NA,NA,"within food web",NA,NA,NA,0.0985292238802417,0.0113537106067438,NA,NA,NA,NA,NA,NA,0.202823122772376,NA,NA,NA
"105","position14","arctic",NA,NA,NA,NA,"within food web",NA,11.3090052356021,0.770739610319003,NA,NA,NA,NA,NA,NA,8.15099476439788,7.57131535978177,NA,NA,NA,0.00603139617563461
"106","position14","arctic",47.5036062934285,2.75561073400304,19.995,1.22068148327938,"between food webs",1.61032210046241,NA,NA,-0.00053608971639709,0.00392842995095183,NA,NA,304.946874664054,9.56546154955835,NA,NA,6.29097403213395e-05,0,1.79363039036305,NA
"107","position14","europe",12.1503853981973,0.9589863275855,9.22826530612245,0.799644691672523,"between food webs",NA,7.08246073298429,0.646311932336065,-0.00227671060137977,0.00136714179740745,NA,NA,NA,NA,12.0325392670157,6.34900736252666,0.00928211255984598,0,NA,0.0184577410532693
"108","position14","europe",NA,NA,NA,NA,"within food web",6.3699870146323,NA,NA,NA,NA,NA,NA,92.8773993498266,4.15123572942094,NA,NA,NA,NA,0.778402853147645,NA
"109","position14","pyrenees",29.1919809937618,1.40155342759677,NA,NA,"between food webs",7.40799091024262,17.4112041884817,1.07681718717677,-0.00133877408286554,0.00199807048030765,NA,NA,355.188102759165,9.64358187162935,18.9287958115183,10.5780504852658,0.00151440863292638,NA,1.80827881930143,0.0164884861319463
"110","position14","pyrenees",NA,NA,17.2377551020408,0.976073459602916,"within food web",NA,NA,NA,NA,NA,NA,NA,NA,NA,NA,NA,NA,0,NA,NA
"111","position14","serengeti",NA,NA,42.6326020408163,2.6937712800815,"between food webs",-3.34913789827073,45.2816753926701,3.85982801266121,NA,NA,NA,NA,1308.52192609199,36.0901090156504,-43.67667539267,37.9167941119338,NA,0,6.76729669411246,0.00689915511760497
"112","position14","serengeti",19.0315402524808,1.71447530206449,NA,NA,"within food web",NA,NA,NA,0.0224201075155545,0.00244417545761741,NA,NA,NA,NA,NA,NA,0.221342727418389,NA,NA,NA
"113","position15","arctic",NA,NA,NA,NA,"within food web",NA,5.7371875,0.574150087050342,NA,NA,NA,NA,NA,NA,1.6428125,7.97634792588463,NA,NA,NA,0.000222043471270692
"114","position15","arctic",12.2155724796232,1.5606277631416,10.0034183673469,0.895203764778396,"between food webs",29.9906135240114,NA,NA,0.0816946493147239,0.00646793215777854,NA,NA,144.061748404711,6.71661879499968,NA,NA,0.350214759513862,0,4.1726408712875,NA
"115","position15","europe",1.7610736967254,0.569589158754005,4.61423469387755,0.540760878981304,"between food webs",NA,3.53385416666667,0.444388666322643,0.0314473120534481,0.00236062956435614,NA,NA,NA,NA,16.4161458333334,6.17364465643364,0.374821071255281,0,NA,0.0356976005723917
"116","position15","europe",NA,NA,NA,NA,"within food web",9.52738347457624,NA,NA,NA,NA,NA,NA,45.5803684170704,2.81215322559796,NA,NA,NA,NA,1.74702567520859,NA
"117","position15","pyrenees",7.13340735705597,1.14568592602173,NA,NA,"between food webs",36.3292937853109,8.83927083333333,0.913312664044233,0.0574823990290534,0.00474822953855003,NA,NA,167.485712267958,8.90454110045835,9.79072916666674,12.6881450300897,0.331159496440911,NA,5.53186852936972,0.00310776842932063
"118","position15","pyrenees",NA,NA,8.63183673469388,0.896633489979366,"within food web",NA,NA,NA,NA,NA,NA,NA,NA,NA,NA,NA,NA,0,NA,NA
"119","position15","serengeti",NA,NA,21.3785204081633,1.31107183564191,"between food webs",39.8164662782487,23.6850531355219,1.38947675757685,NA,NA,NA,NA,635.750481644723,17.1435194798098,27.9849468644783,19.3032280292788,NA,0,10.6502620205903,0.0108843574062564
"120","position15","serengeti",8.24670660807034,0.902198813076076,NA,NA,"within food web",NA,NA,NA,0.0314037152502192,0.00373911117924596,NA,NA,NA,NA,NA,NA,0.192444667751285,NA,NA,NA
"121","position16","arctic",NA,NA,NA,NA,"within food web",NA,85.9324288970701,6.57171233515427,NA,NA,NA,NA,NA,NA,4.97713828589953,2.75647390490374,NA,NA,NA,0.0167829263327168
"122","position16","arctic",289.880692041523,16.7731624882418,127.510612244898,8.61872424229925,"between food webs",1.81654250280423,NA,NA,-0.354248001124924,0.22341796137641,NA,NA,2385.52958473067,81.1246305895385,NA,NA,0.00842197272989455,0,2.64219551075176,NA
"123","position16","europe",108.560380622837,9.3633054448309,72.7129591836735,6.25921435361768,"between food webs",NA,64.8932254311003,6.41256817388673,0.225469797940963,0.124718914259326,NA,NA,NA,NA,4.67794426216995,2.68972163315484,0.0109207256982441,0,NA,0.0155897154687308
"124","position16","europe",NA,NA,NA,NA,"within food web",10.1639110234168,NA,NA,NA,NA,NA,NA,1043.19586263628,49.2541165248191,NA,NA,NA,NA,1.60418610996675,NA
"125","position16","pyrenees",207.156643598616,10.7119768461255,NA,NA,"between food webs",10.9293628802424,129.405972359988,8.78885492226284,0.0410442920813933,0.142683172058363,NA,NA,2723.83225682815,80.698801433359,5.20971854494119,3.68644396036753,0.000279477547701132,NA,2.6283264320684,0.0103481407543082
"126","position16","pyrenees",NA,NA,118.156428571429,7.44243817326329,"within food web",NA,NA,NA,NA,NA,NA,NA,NA,NA,NA,NA,NA,0,NA,NA
"127","position16","serengeti",NA,NA,93.5295137442732,5.14016775910943,"between food webs",4.58822013186261,60.7075678805781,2.86915533705358,NA,NA,NA,NA,2723.89056620535,58.4807024947006,-1.34439430686053,1.20345374422385,NA,0,1.90469218132912,0.00649131709072389
"128","position16","serengeti",72.0243944636678,4.7875196239485,NA,NA,"within food web",NA,NA,NA,0.426620486066613,0.0637696007048135,NA,NA,NA,NA,NA,NA,0.131344496901254,NA,NA,NA
"129","position17","arctic",NA,NA,NA,NA,"within food web",NA,82.9337837837838,2.2244548558527,NA,NA,NA,NA,NA,NA,5.4848828828829,4.60676431470373,NA,NA,NA,0.0073671246263154
"130","position17","arctic",289.959344262295,6.2061265622702,126.609591836735,3.2808536135392,"between food webs",81.1272614212486,NA,NA,1.04771744080146,0.202488043283265,NA,NA,2188.22353616545,30.4014907125374,NA,NA,0.0829455324685226,0,6.9493173826907,NA
"131","position17","europe",107.825450819672,2.26085595309617,72.2312244897959,1.82051645987998,"between food webs",NA,61.1706081081081,1.79129490713622,0.49239600199015,0.073765221107625,NA,NA,NA,NA,8.66294744744747,3.7097059684506,0.130838225627163,0,NA,0.0277583244842435
"132","position17","europe",NA,NA,NA,NA,"within food web",36.5862809424818,NA,NA,NA,NA,NA,NA,959.012480220149,11.9825488427044,NA,NA,NA,NA,2.73902802164914,NA
"133","position17","pyrenees",203.193360655738,4.00426925171043,NA,NA,"between food webs",84.508762089868,122.766486486487,3.61946280849919,0.744724414760844,0.130647778033968,NA,NA,2560.19652395084,33.9954903631286,12.7901801801803,7.49577455380625,0.0989147991973639,NA,7.77085092133845,0.0150147005351708
"134","position17","pyrenees",NA,NA,117.570051020408,2.85186148366589,"within food web",NA,NA,NA,NA,NA,NA,NA,NA,NA,NA,NA,NA,0,NA,NA
"135","position17","serengeti",NA,NA,92.945187348285,4.11418205739214,"between food webs",138.381598955634,59.1638720727785,3.83168047159055,NA,NA,NA,NA,2356.17627304078,63.1342174495294,5.5505723716659,7.93526954050236,NA,0,14.431519786747,0.0025550989303324
"136","position17","serengeti",70.3433606557378,3.13379508357265,NA,NA,"within food web",NA,NA,NA,0.537226986777305,0.102246711883237,NA,NA,NA,NA,NA,NA,0.0853098595429083,NA,NA,NA
"137","position18","arctic",NA,NA,NA,NA,"within food web",NA,86.6584010663055,8.44558191341739,NA,NA,NA,NA,NA,NA,3.22974653784523,3.5424597074235,NA,NA,NA,0.00433318975408706
"138","position18","arctic",291.75624137931,22.3307810269932,127.547653061224,11.1207931787321,"between food webs",3.31762220928044,NA,NA,-0.172006155101462,0.280434074638646,NA,NA,2392.50533390673,109.462352805036,NA,NA,0.00126935493733397,0,2.37023418809712,NA
"139","position18","europe",109.513344827586,11.4797956910961,72.7141326530612,7.20187648404809,"between food webs",NA,64.9640478120708,7.4355615434385,0.236909269902087,0.144165395638503,NA,NA,NA,NA,4.8621949393407,3.11881140219033,0.00904078459787543,0,NA,0.0125649761177001
"140","position18","europe",NA,NA,NA,NA,"within food web",3.29190184242522,NA,NA,NA,NA,NA,NA,1064.69395365344,56.5540846871773,NA,NA,NA,NA,1.22458929090294,NA
"141","position18","pyrenees",200.708275862069,17.777158199731,NA,NA,"between food webs",13.6682295351807,128.853817574012,13.0988775380974,0.657819905633606,0.223248837710611,NA,NA,2703.58744954087,133.897656300939,11.6000712936821,5.49426272421397,0.0284962925291469,NA,2.89934205265832,0.0228060398208992
"142","position18","pyrenees",NA,NA,118.292551020408,11.8899878135908,"within food web",NA,NA,NA,NA,NA,NA,NA,NA,NA,NA,NA,NA,0,NA,NA
"143","position18","serengeti",NA,NA,93.6301541024574,5.94418784693792,"between food webs",2.44585903980868,59.3574061391495,3.63021483059758,NA,NA,NA,NA,2726.28728006356,71.7959581614478,-0.735755037613236,1.52267657794578,NA,0,1.5546279633195,0.00122092004448041
"144","position18","serengeti",74.3729310344828,7.10629199675429,NA,NA,"within food web",NA,NA,NA,0.243836561657444,0.089242128065869,NA,NA,NA,NA,NA,NA,0.0246007596287605,NA,NA,NA
"145","position19","arctic",NA,NA,NA,NA,"within food web",NA,29.2414002089864,2.00019217439316,NA,NA,NA,NA,NA,NA,11.5324399164056,8.78719731062876,NA,NA,NA,0.00893736266088941
"146","position19","arctic",112.026885813149,6.29802579508543,46.228112244898,2.75825187512552,"between food webs",0.0424686067117082,NA,NA,-0.841690421266541,0.647147511306509,NA,NA,758.357922150411,24.5577483810435,NA,NA,0.00568239756502074,0,4.1997249598219,NA
"147","position19","europe",22.8513148788928,1.87090514514967,20.8340816326531,1.75981335482409,"between food webs",NA,14.9438453500522,1.34439823550122,1.171821758115,0.192243037416414,NA,NA,NA,NA,11.5144618599792,5.90617877154451,0.111525717570778,0,NA,0.0195111737364797
"148","position19","europe",NA,NA,NA,NA,"within food web",13.4789114696536,NA,NA,NA,NA,NA,NA,233.97168225034,10.3442769695209,NA,NA,NA,NA,1.76901878405686,NA
"149","position19","pyrenees",82.9516955017302,4.02006558754162,NA,NA,"between food webs",8.98652224680513,39.5205851619645,2.40361597473236,1.29816416762783,0.413077927101632,NA,NA,907.699838324379,24.3194733990871,22.1567659352144,10.5595092808322,0.0322886135373198,NA,4.15897654211288,0.0225317315222637
"150","position19","pyrenees",NA,NA,41.5154081632653,2.34542903185494,"within food web",NA,NA,NA,NA,NA,NA,NA,NA,NA,NA,NA,NA,0,NA,NA
"151","position19","serengeti",NA,NA,94.5121970012495,6.0664819203743,"between food webs",-0.530345610781635,95.0367430106839,7.92101281952886,NA,NA,NA,NA,2950.02957232964,82.4422657671286,-35.4326972042739,34.798407591179,NA,0,14.0988023785497,0.0053988996172594
"152","position19","serengeti",62.3903460207613,5.16494482111926,NA,NA,"within food web",NA,NA,NA,1.65791048772449,0.530718878546199,NA,NA,NA,NA,NA,NA,0.0319164239960954,NA,NA,NA
"153","position2","arctic",NA,NA,NA,NA,"within food web",NA,261.852828968578,16.4482751146165,NA,NA,NA,NA,NA,NA,2.21359317981825,0.411192230734647,NA,NA,NA,0.131741207095131
"154","position2","arctic",846.839524143925,48.0865515790249,364.805573320535,18.9938743370382,"between food webs",1.7017807374144,NA,NA,-0.0548722956571975,0.132823484511023,0.689898233863649,0.526115373229198,7959.25130506299,231.11169160301,NA,NA,0.000576254690662281,0.00878565069805748,0.215178060227602,NA
"155","position2","europe",359.804891662799,29.1873713973426,244.664372699818,17.3875795094902,"between food webs",NA,223.150799983081,16.8795826239756,0.400213666260201,0.0806206360283783,1.05610646950374,0.481622270467976,NA,NA,0.789503763458162,0.421974534390815,0.076854587162129,0.0241861929634649,NA,0.0179976207741755
"156","position2","europe",NA,NA,NA,NA,"within food web",1.85300239080301,NA,NA,NA,NA,NA,NA,4321.39879629556,166.53140931533,NA,NA,NA,NA,0.155050163732066,NA
"157","position2","pyrenees",683.222108899337,36.7266078872643,NA,NA,"between food webs",2.745709925842,313.950799010976,19.4543465606878,0.177950153636686,0.101445328759742,NA,NA,7628.12555829428,199.986745235661,1.72180043345652,0.486341339990448,0.0102884406893462,NA,0.186198974238656,0.0615809919553774
"158","position2","pyrenees",NA,NA,324.694767261236,17.7069682946469,"within food web",NA,NA,NA,NA,NA,0.90685891122071,0.490469088496054,NA,NA,NA,NA,NA,0.0173168128266188,NA,NA
"159","position2","serengeti",NA,NA,427.610049381541,17.418666885819,"between food webs",0.362536285976175,378.161845554808,16.0452831604024,NA,NA,-0.49133641439439,0.482483366330239,13323.1000049693,260.785433135043,-0.398378285673597,0.401117790742204,NA,0.00531711591479943,0.242805992411691,0.00513779806903582
"160","position2","serengeti",373.951237910271,24.7555602177961,NA,NA,"within food web",NA,NA,NA,0.27624253227819,0.0683791967021479,NA,NA,NA,NA,NA,NA,0.0522555750391392,NA,NA,NA
"161","position20","arctic",NA,NA,NA,NA,"within food web",NA,29.1101587301587,2.07449684389479,NA,NA,NA,NA,NA,NA,20.2923412698411,14.4099156050494,NA,NA,NA,0.0102759550215995
"162","position20","arctic",101.326219931272,5.80495888386962,46.2515816326531,2.91597776244704,"between food webs",202.779068648267,NA,NA,2.08163980254185,0.526048472184438,NA,NA,679.092133920989,23.3138314365398,NA,NA,0.0502435349222253,0,16.5074913760868,NA
"163","position20","europe",22.9259793814433,1.93542534917864,20.8348469387755,1.75316796530857,"between food webs",NA,14.557037037037,1.3813000601284,0.602893143511697,0.175389278086284,NA,NA,NA,NA,32.7104629629628,9.59481685897869,0.0383869193183645,0,NA,0.0573604180042132
"164","position20","europe",NA,NA,NA,NA,"within food web",122.129309852302,NA,NA,NA,NA,NA,NA,192.591671053804,9.09139533709657,NA,NA,NA,NA,6.43721434343488,NA
"165","position20","pyrenees",81.2140549828179,4.11130519848653,NA,NA,"between food webs",229.724796918667,39.2838624338624,2.56640688455351,1.48901114111165,0.372568671305744,NA,NA,823.893636479627,24.5303689030636,39.5961375661374,17.826831948899,0.0511995785868463,NA,17.3688676707551,0.0251795843466896
"166","position20","pyrenees",NA,NA,41.5489795918367,2.5198488456694,"within food web",NA,NA,NA,NA,NA,NA,NA,NA,NA,NA,NA,NA,0,NA,NA
"167","position20","serengeti",NA,NA,94.7120328545766,4.06373904623834,"between food webs",348.649556742198,99.8930155813369,4.00629407408967,NA,NA,NA,NA,2792.23115254392,54.0184250478082,56.4794844186629,27.8286080147776,NA,0,38.2480540812741,0.0211105125281647
"168","position20","serengeti",62.6990721649485,3.04777957477062,NA,NA,"within food web",NA,NA,NA,0.602532727867777,0.276191411677022,NA,NA,NA,NA,NA,NA,0.015824205414353,NA,NA,NA
"169","position21","arctic",NA,NA,NA,NA,"within food web",NA,29.2692998955068,1.82434040876308,NA,NA,NA,NA,NA,NA,7.82628004179738,8.01464946157882,NA,NA,NA,0.00496758793443941
"170","position21","arctic",109.178413793103,5.47977334493104,46.2366326530612,2.66079931263975,"between food webs",2.02205334646495,NA,NA,0.032009304871374,0.530866334099331,NA,NA,756.174868066645,21.2716932161799,NA,NA,1.22824518795882e-05,0,3.00805685056559,NA
"171","position21","europe",23.5440689655172,1.80392957951354,20.834387755102,1.68502271642084,"between food webs",NA,15.0342215256008,1.26974943452988,0.69594731800766,0.174760053485707,NA,NA,NA,NA,7.90131138975976,5.57823341132631,0.0508522868125747,0,NA,0.0103952134194972
"172","position21","europe",NA,NA,NA,NA,"within food web",6.98068887916491,NA,NA,NA,NA,NA,NA,236.093007979732,9.79273695887784,NA,NA,NA,NA,1.38480323101564,NA
"173","position21","pyrenees",82.3648965517242,3.83044386760956,NA,NA,"between food webs",6.57355599367389,39.7860188087774,2.41551827847072,1.39692624521072,0.371083540499382,NA,NA,907.536043888019,23.1079347768283,12.1395924764892,10.6117982022363,0.0456880097744801,NA,3.26772207559808,0.00680505101387204
"174","position21","pyrenees",NA,NA,41.5195408163266,2.29630813895676,"within food web",NA,NA,NA,NA,NA,NA,NA,NA,NA,NA,NA,NA,0,NA,NA
"175","position21","serengeti",NA,NA,94.4383683881716,5.31266706791915,"between food webs",2.18001617071031,95.6864463779242,6.95460803722084,NA,NA,NA,NA,2947.31422625209,72.4560115695248,-34.8455785511701,30.5528207856751,NA,0,10.2460955858741,0.00676412716064539
"176","position21","serengeti",64.8406206896552,4.05591983773675,NA,NA,"within food web",NA,NA,NA,0.1829464969896,0.392927072002311,NA,NA,NA,NA,NA,NA,0.000731837453795235,NA,NA,NA
"177","position22","arctic",NA,NA,NA,NA,"within food web",NA,9.54317708333332,0.969897665933789,NA,NA,NA,NA,NA,NA,14.6668229166668,13.4742489994833,NA,NA,NA,0.00616515234779349
"178","position22","arctic",37.9154362416107,2.82988014571909,17.5416836734694,1.58341362277678,"between food webs",29.3779057933038,NA,NA,NA,NA,NA,NA,220.612587648887,10.2291908443809,NA,NA,0,0,17.6311084770225,NA
"179","position22","europe",7.13694630872483,0.745440973102837,7.23260204081632,0.785518110257572,"between food webs",NA,5.290625,0.64883542230758,NA,NA,NA,NA,NA,NA,6.14937500000007,9.0139097627791,0,0,NA,0.00243077755743425
"180","position22","europe",NA,NA,NA,NA,"within food web",20.3943243595732,NA,NA,NA,NA,NA,NA,65.6865094104731,3.83060444606142,NA,NA,NA,NA,6.60245796060922,NA
"181","position22","pyrenees",25.1090268456376,2.19586080051824,NA,NA,"between food webs",82.6935182150807,16.8163020833333,1.74191620576659,NA,NA,NA,NA,296.508418822369,15.0713965123433,1.09369791666667,24.1994733229274,0,NA,25.9771697343306,1.06941169653288e-05
"182","position22","pyrenees",NA,NA,15.3300510204082,1.58788556012505,"within food web",NA,NA,NA,NA,NA,NA,NA,NA,NA,NA,NA,NA,0,NA,NA
"183","position22","serengeti",NA,NA,18.0461224489796,1.10240822741432,"between food webs",7.91265399764293,14.2550520833333,1.1105253299649,NA,NA,NA,NA,537.619106212549,14.8881724474912,-12.6450520833334,15.4279109454027,NA,0,25.6613633902948,0.00350484505061879
"184","position22","serengeti",10.2855369127517,0.860360106232095,NA,NA,"within food web",NA,NA,NA,NA,NA,NA,NA,NA,NA,NA,NA,0,NA,NA,NA
"185","position23","arctic",NA,NA,NA,NA,"within food web",NA,9.47796875,0.681767887748751,NA,NA,NA,NA,NA,NA,15.5820312500001,9.47142219435505,NA,NA,NA,0.0139724775381468
"186","position23","arctic",38.1963758389262,2.16006026575216,17.5363265306122,1.12008878174577,"between food webs",51.5421938601592,NA,NA,NA,NA,NA,NA,220.626142447514,7.03281307755781,NA,NA,0,0,35.0858360019261,NA
"187","position23","europe",7.10798657718122,0.547060113443994,7.23255102040817,0.595965212840487,"between food webs",NA,5.24661458333333,0.473032439243386,NA,NA,NA,NA,NA,NA,12.9733854166667,6.57157666738158,0,0,NA,0.01999684992714
"188","position23","europe",NA,NA,NA,NA,"within food web",104.545107176516,NA,NA,NA,NA,NA,NA,63.7808772633393,2.80056652584963,NA,NA,NA,NA,13.9716805714628,NA
"189","position23","pyrenees",24.9287919463087,1.22399077876102,NA,NA,"between food webs",149.432274468128,16.5833333333333,1.05074240181312,NA,NA,NA,NA,298.188158649315,8.25589403493856,21.4666666666668,14.5973799645288,0,NA,41.1876358670011,0.011195830674962
"190","position23","pyrenees",NA,NA,15.3160204081633,0.889767731965866,"within food web",NA,NA,NA,NA,NA,NA,NA,NA,NA,NA,NA,NA,0,NA,NA
"191","position23","serengeti",NA,NA,18.0105102040816,0.772779382196075,"between food webs",18.9808738545448,14.6237037684555,0.918789167720406,NA,NA,NA,NA,538.45046419763,11.3838414052705,-5.60370376845551,12.764227050669,NA,0,56.7925790451911,0.00100806818756356
"192","position23","serengeti",10.2867785234899,0.602261099193846,NA,NA,"within food web",NA,NA,NA,NA,NA,NA,NA,NA,NA,NA,NA,0,NA,NA,NA
"193","position24","arctic",NA,NA,NA,NA,"within food web",NA,9.49010416666667,0.733718776333438,NA,NA,NA,NA,NA,NA,15.0798958333334,10.19314700422,NA,NA,NA,0.0113291794882679
"194","position24","arctic",38.6521812080537,2.31115124921361,17.5348979591837,1.16712377639138,"between food webs",-4.29477392991343,NA,NA,NA,NA,NA,NA,222.013633750346,7.50341067379974,NA,NA,0,0,21.2990546533308,NA
"195","position24","europe",7.14936241610739,0.575026968100326,7.23260204081633,0.626994474860821,"between food webs",NA,5.22973958333333,0.51702711717436,NA,NA,NA,NA,NA,NA,15.5502604166668,7.18277026637152,0,0,NA,0.0239513220771342
"196","position24","europe",NA,NA,NA,NA,"within food web",41.4983579867353,NA,NA,NA,NA,NA,NA,65.1751408627724,3.1134290253266,NA,NA,NA,NA,8.83772698211076,NA
"197","position24","pyrenees",25.0847315436242,1.20846318022293,NA,NA,"between food webs",50.4438671358868,16.524375,1.07363882690304,NA,NA,NA,NA,300.431411657031,8.49760589420648,29.5456250000002,14.9154672676491,0,NA,24.1211603937861,0.0201301796389813
"198","position24","pyrenees",NA,NA,15.3104591836735,0.927342001824752,"within food web",NA,NA,NA,NA,NA,NA,NA,NA,NA,NA,NA,NA,0,NA,NA
"199","position24","serengeti",NA,NA,18.0068887963349,1.08499278195256,"between food webs",21.7400115371477,14.41140625,1.22488932523864,NA,NA,NA,NA,539.251669405933,14.9960563531861,-13.0614062500001,17.0167063441528,NA,0,42.5675519755596,0.00307509081878373
"200","position24","serengeti",10.2989597315436,0.820425098530644,NA,NA,"within food web",NA,NA,NA,NA,NA,NA,NA,NA,NA,NA,NA,0,NA,NA,NA
"201","position25","arctic",NA,NA,NA,NA,"within food web",NA,0.788549222797928,0.0857561223849981,NA,NA,NA,NA,NA,NA,NA,NA,NA,NA,NA,0
"202","position25","arctic",4.79327858557081,0.366333089647587,1.78454081632653,0.174381365894275,"between food webs",-0.866263663464705,NA,NA,-0.0109963105344175,0.00301876459536276,NA,NA,17.9612870865472,0.899490598268436,NA,NA,0.0429041420144856,0,3.98720175530538,NA
"203","position25","europe",0.726470939513537,0.0794435157855146,0.746938775510204,0.0878003424695093,"between food webs",NA,0.585077720207254,0.0777204549866518,-0.00157003767589651,0.000654653591394548,NA,NA,NA,NA,NA,NA,0.0190610709526662,0,NA,0
"204","position25","europe",NA,NA,NA,NA,"within food web",9.17482168488424,NA,NA,NA,NA,NA,NA,5.26215066483701,0.35073831632066,NA,NA,NA,NA,1.55472934700896,NA
"205","position25","pyrenees",1.50502671508216,0.13578298688268,NA,NA,"between food webs",24.3094380037533,1.68165803108808,0.185696352977733,-0.00229050066085994,0.00111891850623803,NA,NA,21.3634301802867,1.17934610186577,NA,NA,0.0139594083473022,NA,5.22772651156541,0
"206","position25","pyrenees",NA,NA,1.23020408163265,0.133490199962572,"within food web",NA,NA,NA,NA,NA,NA,NA,NA,NA,NA,NA,NA,0,NA,NA
"207","position25","serengeti",NA,NA,1.46836734693878,0.104295533376744,"between food webs",4.30637517941914,1.36709844559586,0.14492376494179,NA,NA,NA,NA,43.0579340368145,1.39146476755808,NA,NA,NA,0,6.1679919438107,0
"208","position25","serengeti",0.519935826428343,0.0595309514008042,NA,NA,"within food web",NA,NA,NA,0.0016562186639257,0.000490564280147037,NA,NA,NA,NA,NA,NA,0.0370801870088166,NA,NA,NA
"209","position26","arctic",NA,NA,NA,NA,"within food web",NA,3.84046632124352,0.394341509470003,NA,NA,NA,NA,NA,NA,NA,NA,NA,NA,NA,0
"210","position26","arctic",17.6379530201342,1.35058200729427,7.81367346938776,0.722423057980419,"between food webs",11.0320554066131,NA,NA,NA,NA,NA,NA,88.0738337801609,4.12896320755926,NA,NA,0,0,46.0605128905967,NA
"211","position26","europe",3.07906040268457,0.335706105415592,3.24132653061225,0.353638960328496,"between food webs",NA,2.4960621761658,0.30737646215616,NA,NA,NA,NA,NA,NA,NA,NA,0,0,NA,0
"212","position26","europe",NA,NA,NA,NA,"within food web",22.9423920166815,NA,NA,NA,NA,NA,NA,26.2128239499554,1.54625874065303,NA,NA,NA,NA,17.2492383864441,NA
"213","position26","pyrenees",8.35285234899329,0.732810972181026,NA,NA,"between food webs",124.220563002681,7.34590673575129,0.77298592101462,NA,NA,NA,NA,113.208310991957,5.92344246292849,NA,NA,0,NA,66.0787670427576,0
"214","position26","pyrenees",NA,NA,6.13698979591837,0.64347108502049,"within food web",NA,NA,NA,NA,NA,NA,NA,NA,NA,NA,NA,NA,0,NA,NA
"215","position26","serengeti",NA,NA,7.46607142857143,0.414598217206907,"between food webs",-10.9722043491212,6.34098445595855,0.494733656847235,NA,NA,NA,NA,217.686613047364,5.56358307413218,NA,NA,NA,0,62.0643674990395,0
"216","position26","serengeti",3.55828859060403,0.281079649579103,NA,NA,"within food web",NA,NA,NA,NA,NA,NA,NA,NA,NA,NA,NA,0,NA,NA,NA
"217","position27","arctic",NA,NA,NA,NA,"within food web",NA,3.83906735751296,0.409326214548983,NA,NA,NA,NA,NA,NA,NA,NA,NA,NA,NA,0
"218","position27","arctic",17.8909395973154,1.41183018997001,7.81367346938775,0.744074593300386,"between food webs",20.6905093833781,NA,NA,NA,NA,NA,NA,88.2284718498661,4.37828692972924,NA,NA,0,0,48.841835450681,NA
"219","position27","europe",3.09778523489934,0.342904760808841,3.24132653061224,0.37376058760556,"between food webs",NA,2.4960103626943,0.32834746562392,NA,NA,NA,NA,NA,NA,NA,NA,0,0,NA,0
"220","position27","europe",NA,NA,NA,NA,"within food web",39.2178552278825,NA,NA,NA,NA,NA,NA,26.186434316354,1.67919740209263,NA,NA,NA,NA,18.732231239877,NA
"221","position27","pyrenees",8.43097315436242,0.756424005646187,NA,NA,"between food webs",196.009088471851,7.34497409326424,0.791891029670896,NA,NA,NA,NA,113.41273458445,6.01930397507442,NA,NA,0,NA,67.1481469800326,0
"222","position27","pyrenees",NA,NA,6.13673469387756,0.658826853882137,"within food web",NA,NA,NA,NA,NA,NA,NA,NA,NA,NA,NA,NA,0,NA,NA
"223","position27","serengeti",NA,NA,7.465,0.583148765747813,"between food webs",64.5910783437598,6.14336787564766,0.645385475757454,NA,NA,NA,NA,217.866764968722,7.40205043028444,NA,NA,NA,0,82.5733294587783,0
"224","position27","serengeti",3.56157718120806,0.374412414245469,NA,NA,"within food web",NA,NA,NA,NA,NA,NA,NA,NA,NA,NA,NA,0,NA,NA,NA
"225","position28","arctic",NA,NA,NA,NA,"within food web",NA,3.82072538860104,0.292969851034573,NA,NA,NA,NA,NA,NA,NA,NA,NA,NA,NA,0
"226","position28","arctic",17.9890604026846,1.09401470015598,7.8111224489796,0.541935755398277,"between food webs",18.2888361683086,NA,NA,NA,NA,NA,NA,88.3511638316919,3.00911918775454,NA,NA,0,0,58.141706431919,NA
"227","position28","europe",3.09127516778524,0.24968722701659,3.24132653061224,0.289312681558683,"between food webs",NA,2.49316062176166,0.247709409892446,NA,NA,NA,NA,NA,NA,NA,NA,0,0,NA,0
"228","position28","europe",NA,NA,NA,NA,"within food web",104.927920023877,NA,NA,NA,NA,NA,NA,25.9587466427932,1.26706617848084,NA,NA,NA,NA,24.4820444729609,NA
"229","position28","pyrenees",8.33288590604027,0.40953981589311,NA,NA,"between food webs",216.884661295142,7.28886010362694,0.482004311197666,NA,NA,NA,NA,114.422005371531,3.33945514557255,NA,NA,0,NA,64.5244035219915,0
"230","position28","pyrenees",NA,NA,6.12882653061224,0.373334880882666,"within food web",NA,NA,NA,NA,NA,NA,NA,NA,NA,NA,NA,NA,0,NA,NA
"231","position28","serengeti",NA,NA,7.45142857142857,0.407138127342233,"between food webs",-72.1513040883341,6.37829015544041,0.542144579649857,NA,NA,NA,NA,218.634637421665,5.65308481298632,NA,NA,NA,0,109.227975737531,0
"232","position28","serengeti",3.56127516778524,0.242235344490625,NA,NA,"within food web",NA,NA,NA,NA,NA,NA,NA,NA,NA,NA,NA,0,NA,NA,NA
"233","position29","arctic",NA,NA,NA,NA,"within food web",NA,9.52756476683938,0.689274365859748,NA,NA,NA,NA,NA,NA,NA,NA,NA,NA,NA,0
"234","position29","arctic",40.0260067114094,2.26406399221171,17.329693877551,1.12116518665281,"between food webs",-19.5462429125631,NA,NA,NA,NA,NA,NA,222.13163831692,7.09843104220318,NA,NA,0,0,34.2886795131372,NA
"235","position29","europe",6.95842281879196,0.545337088553824,7.21933673469388,0.595073882413348,"between food webs",NA,5.32761658031088,0.491260712055499,NA,NA,NA,NA,NA,NA,NA,NA,0,0,NA,0
"236","position29","europe",NA,NA,NA,NA,"within food web",38.7452760370033,NA,NA,NA,NA,NA,NA,64.1322291853179,2.83255225067512,NA,NA,NA,NA,13.6825272725999,NA
"237","position29","pyrenees",24.9851677852349,1.23692394915992,NA,NA,"between food webs",47.60968069233,16.3459067357513,1.06500638375025,NA,NA,NA,NA,294.124610564011,8.33650826827299,NA,NA,0,NA,40.2691606877555,0
"238","position29","pyrenees",NA,NA,14.9790306122449,0.904640220019559,"within food web",NA,NA,NA,NA,NA,NA,NA,NA,NA,NA,NA,NA,0,NA,NA
"239","position29","serengeti",NA,NA,18.2677551020408,0.747400543398409,"between food webs",55.2060660996709,15.2704663212435,0.962463366197606,NA,NA,NA,NA,544.829068934646,11.2024658782378,NA,NA,NA,0,54.113051175958,0
"240","position29","serengeti",10.3470134228188,0.571969721313234,NA,NA,"within food web",NA,NA,NA,NA,NA,NA,NA,NA,NA,NA,NA,0,NA,NA,NA
"241","position3","arctic",NA,NA,NA,NA,"within food web",NA,186.355432783114,11.1480862355874,NA,NA,NA,NA,NA,NA,8.01091927946588,0.699293462511726,NA,NA,NA,0.407262716209111
"242","position3","arctic",760.276433811784,25.5186933866744,266.525361922008,17.7580162520963,"between food webs",9.36675905869489,NA,NA,0.721293392260823,0.095460645870653,14.0488628043506,1.92838573440264,5637.32160632643,148.927688783379,NA,NA,0.161691543434398,0.214815071177253,0.360050801889227,NA
"243","position3","europe",342.701953370053,14.7255016718712,163.358911308213,11.478639359172,"between food webs",NA,144.68773258405,10.4788132560136,0.541725348431894,0.0550853399531911,12.1610031333741,1.24649308100318,NA,NA,6.50444777396251,0.65731152862987,0.246269498735112,0.32914435190072,NA,0.338920937104277
"244","position3","europe",NA,NA,NA,NA,"within food web",7.2415573874519,NA,NA,NA,NA,NA,NA,2650.02603980769,68.0254696402627,NA,NA,NA,NA,0.164459846875709,NA
"245","position3","pyrenees",627.573869163699,17.2308843382941,NA,NA,"between food webs",7.93862909582668,237.291361272989,11.4561302237376,0.620584579007608,0.0644575066180705,NA,NA,6123.54290497544,116.18478602972,7.13912391702238,0.718616343814155,0.23847690351581,NA,0.280890851923282,0.340686156779447
"246","position3","pyrenees",NA,NA,233.497272219082,12.515990348059,"within food web",NA,NA,NA,NA,NA,13.4452070372122,1.35914152214322,NA,NA,NA,NA,NA,0.335297958908731,NA,NA
"247","position3","serengeti",NA,NA,242.345929200657,32.7551498612592,"between food webs",25.8915595194936,171.153602782341,30.1936190736656,NA,NA,24.8358125771628,3.55696057622521,5481.51414668243,300.435291007399,16.9023152709393,1.8939753408421,NA,0.200832771185114,0.726338858319202,0.294271424305921
"248","position3","serengeti",314.616927587123,21.7403792145582,NA,NA,"within food web",NA,NA,NA,0.661207613318344,0.0813266811841696,NA,NA,NA,NA,NA,NA,0.182549052095588,NA,NA,NA
"249","position30","arctic",NA,NA,NA,NA,"within food web",NA,4.79145077720207,0.509193316316537,NA,NA,NA,NA,NA,NA,NA,NA,NA,NA,NA,0
"250","position30","arctic",20.2471476510067,1.59624340609333,8.66724489795918,0.813135864975589,"between food webs",15.2406589147287,NA,NA,NA,NA,NA,NA,111.023023255814,5.67887615720198,NA,NA,0,0,44.7955792324655,NA
"251","position30","europe",3.51637583892618,0.385756253924156,3.60969387755102,0.419908956443578,"between food webs",NA,2.66704663212435,0.349276122597927,NA,NA,NA,NA,NA,NA,NA,NA,0,0,NA,0
"252","position30","europe",NA,NA,NA,NA,"within food web",94.1141651759096,NA,NA,NA,NA,NA,NA,31.882504472272,2.0496064948049,NA,NA,NA,NA,16.1675140629666,NA
"253","position30","pyrenees",12.6909395973154,1.1494051389206,NA,NA,"between food webs",101.122498509243,8.23310880829016,0.873232234377148,NA,NA,NA,NA,145.917504472272,7.68420509567994,NA,NA,0,NA,60.6138272209909,0
"254","position30","pyrenees",NA,NA,7.4976530612245,0.800856741671371,"within food web",NA,NA,NA,NA,NA,NA,NA,NA,NA,NA,NA,NA,0,NA,NA
"255","position30","serengeti",NA,NA,9.14887755102041,0.776092419811241,"between food webs",17.8721884317233,7.17430051813472,0.778897917546849,NA,NA,NA,NA,272.38343470483,9.99849437297556,NA,NA,NA,0,78.8691872285281,0
"256","position30","serengeti",5.17906040268457,0.590739841556077,NA,NA,"within food web",NA,NA,NA,NA,NA,NA,NA,NA,NA,NA,NA,0,NA,NA,NA
"257","position4","arctic",NA,NA,NA,NA,"within food web",NA,96.5993611827469,10.0067512070525,NA,NA,NA,NA,NA,NA,1.52925815829018,0.501825089307938,NA,NA,NA,0.0463665700938114
"258","position4","arctic",229.945429604612,22.7244313946748,150.073051781249,13.4720277007958,"between food webs",0.516011153963496,NA,NA,0.232905042321778,0.027470119430806,1.74776950322213,0.845565007286595,3164.70239661835,148.417467688669,NA,NA,0.195400160937514,0.0215482494772649,0.0597218030935917,NA
"259","position4","europe",116.176291159784,18.6253521816575,90.0450445912381,10.0014500440539,"between food webs",NA,85.2489459657504,11.1979627689451,0.190564737387889,0.0225150033452917,2.07481316171362,0.627735955358624,NA,NA,3.02273488883491,0.561562744023494,0.194859293314314,0.0533101575964859,NA,0.131714272519284
"260","position4","europe",NA,NA,NA,NA,"within food web",0.234499751868248,NA,NA,NA,NA,NA,NA,1687.33051365327,96.8239518109049,NA,NA,NA,NA,0.0389610540783787,NA
"261","position4","pyrenees",170.582000876,20.7597323616815,NA,NA,"between food webs",0.640200206775523,136.145328057431,15.1183464758777,0.211958679815329,0.0250951197599863,NA,NA,3097.06409325073,164.440677380799,3.33951450326242,0.758164704354666,0.194203672783582,NA,0.0661693930509142,0.0922126113425153
"262","position4","pyrenees",NA,NA,142.635996630214,14.7046192301359,"within food web",NA,NA,NA,NA,NA,0.383358523158252,0.922927991436802,NA,NA,NA,NA,NA,0.000888560110003501,NA,NA
"263","position4","serengeti",NA,NA,191.32032551823,13.706852270337,"between food webs",0.423676973775907,166.626764703,12.4233218554419,NA,NA,1.43770893894743,0.860303652668346,5427.26168851466,167.053564426705,2.23384619137966,0.623012851085432,NA,0.0141915302579875,0.0672207943993639,0.0630650298295385
"264","position4","serengeti",110.14625578988,11.7758365541373,NA,NA,"within food web",NA,NA,NA,0.112864944542653,0.0142350596554688,NA,NA,NA,NA,NA,NA,0.175174181737236,NA,NA,NA
"265","position5","arctic",NA,NA,NA,NA,"within food web",NA,91.7659380994133,3.96262792701201,NA,NA,NA,NA,NA,NA,1.84761599504607,0.383490460283094,NA,NA,NA,0.108360328469182
"266","position5","arctic",297.070679164071,10.3595570167934,154.574452180419,6.31686911576102,"between food webs",1.55647121223635,NA,NA,0.116081936266806,0.0148945910171039,-0.279970150106774,1.17591305998846,2676.11049097616,61.5010804305293,NA,NA,0.170263190724065,0.000292108653690642,0.0744645551187753,NA
"267","position5","europe",152.162804658951,6.2996252788447,91.899683211838,3.59267836972619,"between food webs",NA,90.7820256395303,3.90235914033244,0.107423038785963,0.00905737011122164,1.17802764687239,0.668792931732306,NA,NA,1.03736299099392,0.377657839817543,0.322137123764862,0.0157411056894355,NA,0.0380019022689085
"268","position5","europe",NA,NA,NA,NA,"within food web",0.727670948016877,NA,NA,NA,NA,NA,NA,1431.36885399829,25.3315883834652,NA,NA,NA,NA,0.030671094657555,NA
"269","position5","pyrenees",208.369535960443,7.82528026786762,NA,NA,"between food webs",1.610388518731,139.142097657641,5.49897450803962,0.132616742175741,0.0112509008826498,NA,NA,2692.18662144814,56.0179138385286,1.4039017689353,0.532173169930501,0.319443766401437,NA,0.0678256219804108,0.035155357150999
"270","position5","pyrenees",NA,NA,133.233044870962,5.53450243679454,"within food web",NA,NA,NA,NA,NA,3.27045224276874,1.03027205039385,NA,NA,NA,NA,NA,0.0493763163481235,NA,NA
"271","position5","serengeti",NA,NA,185.273368628319,13.525559313971,"between food webs",3.6273215787772,162.389074818945,14.2183895498874,NA,NA,2.99791167572672,2.51784254976303,3882.78472231098,138.076083942831,1.90995501134175,1.3760102773722,NA,0.00725465326384785,0.167180382708231,0.00998643997207885
"272","position5","serengeti",97.9457100247859,7.89687922511978,NA,NA,"within food web",NA,NA,NA,0.154767032403908,0.011353843236632,NA,NA,NA,NA,NA,NA,0.385651057887241,NA,NA,NA
"273","position6","arctic",NA,NA,NA,NA,"within food web",NA,89.8401182174761,5.89541369371263,NA,NA,NA,NA,NA,NA,2.53472510413286,0.387524842164556,NA,NA,NA,0.183000081153581
"274","position6","arctic",322.494213280319,18.4294825123434,151.089750402558,8.25565154895846,"between food webs",0.336914544545354,NA,NA,0.00922679113177259,0.0255295451567725,1.37193972697348,0.679712570055991,3273.23777090057,93.0246189955581,NA,NA,0.000441094767584271,0.0205679979940813,0.0486003619050968,NA
"275","position6","europe",148.532330669517,13.6552597777401,90.907795027419,6.7781459004382,"between food webs",NA,89.5065085037959,7.3333377853647,0.110569626960703,0.0189160260408717,1.78357761963208,0.558065095514184,NA,NA,2.15847550980647,0.48204430010461,0.103485069980887,0.050018178592497,NA,0.0950023664483462
"276","position6","europe",NA,NA,NA,NA,"within food web",0.427493265226489,NA,NA,NA,NA,NA,NA,1586.13872410604,60.7928688530819,NA,NA,NA,NA,0.0317610054135234,NA
"277","position6","pyrenees",235.68004422919,13.1295230301927,NA,NA,"between food webs",0.535500509616511,134.568026456697,8.81312740408018,0.0432191063461766,0.0181877462300795,NA,NA,3195.74527257702,85.4354942960765,3.34170094924302,0.57931571619557,0.0187195425664718,NA,0.0446354522831039,0.148363026354638
"278","position6","pyrenees",NA,NA,138.775906020922,7.90775174194395,"within food web",NA,NA,NA,NA,NA,1.61198010291981,0.65106893477833,NA,NA,NA,NA,NA,0.0306304276071907,NA,NA
"279","position6","serengeti",NA,NA,197.218200575262,8.77030823657811,"between food webs",0.218222527864186,178.532221997306,8.24718791251172,NA,NA,-0.643215146116165,0.722085799808231,5588.03986905792,111.711538479727,-0.784144590663791,0.542114660673604,NA,0.00407343231063804,0.0583632726230154,0.0108354060978913
"280","position6","serengeti",125.429222934953,8.72791718619483,NA,NA,"within food web",NA,NA,NA,0.0772293018035058,0.0120903967748577,NA,NA,NA,NA,NA,NA,0.121145768003108,NA,NA,NA
"281","position7","arctic",NA,NA,NA,NA,"within food web",NA,25.040207253886,1.75782571102662,NA,NA,NA,NA,NA,NA,NA,NA,NA,NA,NA,0
"282","position7","arctic",85.6051677852349,4.75856285492604,41.0107142857143,2.49041923204395,"between food webs",28.8339576985118,NA,NA,NA,NA,NA,NA,569.471640078867,17.6598132204081,NA,NA,0,0,57.6767084571414,NA
"283","position7","europe",16.3611409395973,1.24494017443379,16.4342857142857,1.31252537789126,"between food webs",NA,11.6977720207254,1.02299186609954,NA,NA,NA,NA,NA,NA,NA,NA,0,0,NA,0
"284","position7","europe",NA,NA,NA,NA,"within food web",145.152124036563,NA,NA,NA,NA,NA,NA,172.407951245743,7.38150503433481,NA,NA,NA,NA,24.1078944905405,NA
"285","position7","pyrenees",74.4892281879195,3.59831237657923,NA,NA,"between food webs",122.299495130547,38.8396373056995,2.39380811794807,NA,NA,NA,NA,791.657286252016,20.9418460059327,NA,NA,0,NA,68.3957826486356,0
"286","position7","pyrenees",NA,NA,38.3125,2.19836027730156,"within food web",NA,NA,NA,NA,NA,NA,NA,NA,NA,NA,NA,NA,0,NA,NA
"287","position7","serengeti",NA,NA,43.4193393219997,2.08583128403372,"between food webs",67.5128816394803,33.1367404722919,2.09516565874228,NA,NA,NA,NA,1354.49082989783,31.4806741324436,NA,NA,NA,0,102.81545117776,0
"288","position7","serengeti",29.7027852348993,1.97998413896835,NA,NA,"within food web",NA,NA,NA,NA,NA,NA,NA,NA,NA,NA,NA,0,NA,NA,NA
"289","position8","arctic",NA,NA,NA,NA,"within food web",NA,272.275449888686,18.2867006330692,NA,NA,NA,NA,NA,NA,1.55684368139903,0.20306129327923,NA,NA,NA,0.235329631664136
"290","position8","arctic",594.170935609707,43.3615224786885,387.89676461404,22.5968497458616,"between food webs",0.487205963426832,NA,NA,0.211370586297525,0.0185057289263942,1.88636420660635,0.398928895744637,9048.73705753357,270.826093359213,NA,NA,0.305913478008402,0.103343779478138,0.0290216586953807,NA
"291","position8","europe",253.112514415027,32.5371103275287,257.86125469045,19.7875089389629,"between food webs",NA,235.711263389856,20.5580183915318,0.214746922040493,0.0138861116803581,1.71383958677947,0.349332282125002,NA,NA,1.58884687127863,0.228282722269402,0.446896687990839,0.110374419015361,NA,0.202310531689271
"292","position8","europe",NA,NA,NA,NA,"within food web",0.352479153946641,NA,NA,NA,NA,NA,NA,5375.5568437036,225.441084761268,NA,NA,NA,NA,0.0241582121453119,NA
"293","position8","pyrenees",476.859803458486,35.4118093069289,NA,NA,"between food webs",0.52727998139079,288.86157083813,19.9096168743723,0.233497824124741,0.0151129689726478,NA,NA,8098.54104270332,234.573700707589,2.18671454775871,0.221082667252341,0.446426334223386,NA,0.0251368610624182,0.338712767886812
"294","position8","pyrenees",NA,NA,342.295478789952,21.3674293735368,"within food web",NA,NA,NA,NA,NA,1.98804777489407,0.377224484861995,NA,NA,NA,NA,NA,0.12523949857094,NA,NA
"295","position8","serengeti",NA,NA,623.453324439607,25.6215066821421,"between food webs",0.476689739655889,641.639738811566,27.7604553743388,NA,NA,2.19831039718453,0.452326739478042,18412.7859623931,337.771859474414,2.00445872377939,0.308260854893617,NA,0.108536394725781,0.0361955508089416,0.181249114559701
"296","position8","serengeti",476.449775485273,32.6657091863409,NA,NA,"within food web",NA,NA,NA,0.153631414499114,0.0139409947998932,NA,NA,NA,NA,NA,NA,0.290921175121654,NA,NA,NA
"297","position9","arctic",NA,NA,NA,NA,"within food web",NA,142.687700194274,7.67857670685924,NA,NA,NA,NA,NA,NA,1.1001605590282,0.15804139711254,NA,NA,NA,0.202367176506941
"298","position9","arctic",375.380325183558,18.380467378199,207.843345674338,9.67815093615666,"between food webs",0.770945078257916,NA,NA,0.140552774519192,0.0145169711373678,0.335410555034333,0.391356381724522,4067.938728176,117.500450583662,NA,NA,0.240520107175555,0.00377194756759739,0.0376763214628581,NA
"299","position9","europe",198.834744066755,11.1444056945811,139.199864945061,5.97056102875555,"between food webs",NA,130.670993363794,6.56186698280081,0.124058662471862,0.00880189891162628,0.587606530889797,0.241432188492724,NA,NA,0.540589811429873,0.135057142126626,0.401604208709555,0.0296291304804287,NA,0.0773900895827599
"300","position9","europe",NA,NA,NA,NA,"within food web",0.604790777670519,NA,NA,NA,NA,NA,NA,2252.48506726629,50.0221660887553,NA,NA,NA,NA,0.0160395232568621,NA
"301","position9","pyrenees",307.041080185975,13.8036334303662,NA,NA,"between food webs",0.676256868863484,170.233292303347,6.8217523271591,0.153147431744554,0.0109021682624409,NA,NA,3850.43606601118,88.698069728571,0.451157826496705,0.140406133805614,0.399996254986044,NA,0.0284408865806792,0.0512846493211912
"302","position9","pyrenees",NA,NA,178.217149404546,7.62565800236403,"within food web",NA,NA,NA,NA,NA,1.2182670849946,0.308359514514759,NA,NA,NA,NA,NA,0.0744664659827078,NA,NA
"303","position9","serengeti",NA,NA,312.359583992872,21.6489448611209,"between food webs",1.79070071954577,318.769673341052,25.9632926396922,NA,NA,1.89635565419518,0.875420603056485,6941.91350718333,239.509539345037,1.5784592081266,0.534379638189099,NA,0.0236169896157471,0.0767983301592496,0.0436852100223021
"304","position9","serengeti",174.940004921566,20.3613752551443,NA,NA,"within food web",NA,NA,NA,0.253040004456518,0.0160815005850525,NA,NA,NA,NA,NA,NA,0.455467461447764,NA,NA,NA
"305","within_module_degree","arctic",NA,NA,NA,NA,"within food web",NA,0.0120674288754124,0.0588777725953426,NA,NA,NA,NA,NA,NA,0.44204549967614,0.0609270018269026,NA,NA,NA,0.21605587294754
"306","within_module_degree","arctic",0.0170271105860041,0.0551930106021234,-0.0115937155729007,0.0623273909200512,"between food webs",0.337841919246513,NA,NA,-0.0832094662253107,0.0560723420161645,0.19024217933846,0.0588531009093294,0.0644324996378565,0.0281990319055172,NA,NA,0.00738477556828817,0.0511081220850635,0.0302062014234957,NA
"307","within_module_degree","europe",0.0901982891289501,0.0569543216176287,-0.0262092010747591,0.0635741999426661,"between food webs",NA,0.0338225211832128,0.0652433983029686,0.221725441783869,0.057861714122901,0.219812998638982,0.0600304095715312,NA,NA,0.349576517588865,0.0675141818784214,0.0472638816265866,0.0646455473389387,NA,0.123088351810123
"308","within_module_degree","europe",NA,NA,NA,NA,"within food web",0.56282489404006,NA,NA,NA,NA,NA,NA,-0.100068562835586,0.025750743762494,NA,NA,NA,NA,0.0275836473926091,NA
"309","within_module_degree","pyrenees",0.117399113790174,0.0564281044428908,NA,NA,"between food webs",0.549795229248008,0.0478759140505019,0.0632477524144285,0.108507557947924,0.0573271132907524,NA,NA,0.0443532666682877,0.0259891237097863,0.437259625428179,0.0654490779293881,0.0119586795475084,NA,0.0278389949069266,0.189422961378004
"310","within_module_degree","pyrenees",NA,NA,0.055619796569265,0.0661064157176039,"within food web",NA,NA,NA,NA,NA,0.201644960195555,0.0624214730883367,NA,NA,NA,NA,NA,0.0510447097250845,NA,NA
"311","within_module_degree","serengeti",NA,NA,-0.110793577010171,0.0554919702770761,"between food webs",0.114620500612151,0.0142234666179732,0.0529826832517319,NA,NA,-0.0709746189615253,0.0523987042962136,0.0874407169696952,0.027227791163162,-0.0243420966382601,0.0548267350644956,NA,0.00936861509261976,0.0291658290592038,0.00103097907058716
"312","within_module_degree","serengeti",0.193417543448709,0.0451436133411792,NA,NA,"within food web",NA,NA,NA,0.313839378352025,0.0458628384191585,NA,NA,NA,NA,NA,NA,0.136589855858967,NA,NA,NA
